{
  "hypothesis_comparison": {
    "H0 (raw EVA)": {
      "n_chars": 23,
      "n_types": 7507,
      "avg_len": 5.149190549739718,
      "char_entropy": 3.8738215457776075,
      "productive_stems": 450,
      "agreement_ratio": 1.2178219775882262
    },
    "H1 (digraphs)": {
      "n_chars": 29,
      "n_types": 7507,
      "avg_len": 4.603512384875007,
      "char_entropy": 3.888262362826475,
      "productive_stems": 505,
      "agreement_ratio": 1.2177429317948028
    },
    "H2 (+qo,ai units)": {
      "n_chars": 33,
      "n_types": 7507,
      "avg_len": 4.148990332360849,
      "char_entropy": 3.994258762936771,
      "productive_stems": 513,
      "agreement_ratio": 1.2177147261077643
    },
    "H3 (+ee units)": {
      "n_chars": 35,
      "n_types": 7507,
      "avg_len": 4.024769750014301,
      "char_entropy": 4.125665728063214,
      "productive_stems": 523,
      "agreement_ratio": 1.2177255264114437
    }
  },
  "h3_top_words": [
    [
      "dÄn",
      829
    ],
    [
      "ol",
      534
    ],
    [
      "Cedy",
      513
    ],
    [
      "Sedy",
      429
    ],
    [
      "Än",
      418
    ],
    [
      "Col",
      371
    ],
    [
      "or",
      341
    ],
    [
      "Cey",
      338
    ],
    [
      "QkËy",
      308
    ],
    [
      "QkËdy",
      306
    ],
    [
      "ar",
      297
    ],
    [
      "dar",
      286
    ],
    [
      "Qkän",
      275
    ],
    [
      "QkÄn",
      269
    ],
    [
      "Sey",
      268
    ],
    [
      "Qkedy",
      268
    ],
    [
      "dy",
      238
    ],
    [
      "dal",
      238
    ],
    [
      "al",
      220
    ],
    [
      "okÄn",
      209
    ],
    [
      "Cor",
      205
    ],
    [
      "Qkal",
      197
    ],
    [
      "s",
      191
    ],
    [
      "dän",
      189
    ],
    [
      "Sol",
      174
    ],
    [
      "CËy",
      170
    ],
    [
      "okËy",
      159
    ],
    [
      "Ceol",
      156
    ],
    [
      "Ql",
      152
    ],
    [
      "Qkar",
      151
    ],
    [
      "Qky",
      146
    ],
    [
      "sÄn",
      146
    ],
    [
      "SËy",
      142
    ],
    [
      "otedy",
      142
    ],
    [
      "Cdy",
      140
    ],
    [
      "CΚy",
      139
    ],
    [
      "otÄn",
      138
    ],
    [
      "okän",
      137
    ],
    [
      "otal",
      129
    ],
    [
      "okal",
      129
    ],
    [
      "otar",
      127
    ],
    [
      "Cy",
      126
    ],
    [
      "lCedy",
      123
    ],
    [
      "y",
      123
    ],
    [
      "okar",
      113
    ],
    [
      "okedy",
      112
    ],
    [
      "So",
      111
    ],
    [
      "Θy",
      111
    ],
    [
      "Qkey",
      108
    ],
    [
      "dol",
      107
    ],
    [
      "okËdy",
      105
    ],
    [
      "oty",
      105
    ],
    [
      "Seol",
      104
    ],
    [
      "otËy",
      101
    ],
    [
      "dam",
      101
    ],
    [
      "am",
      96
    ],
    [
      "Qkol",
      95
    ],
    [
      "otän",
      95
    ],
    [
      "Qtedy",
      94
    ],
    [
      "otËdy",
      94
    ],
    [
      "Sor",
      92
    ],
    [
      "Sy",
      92
    ],
    [
      "än",
      92
    ],
    [
      "Ceor",
      90
    ],
    [
      "där",
      88
    ],
    [
      "Cody",
      87
    ],
    [
      "oky",
      83
    ],
    [
      "SËdy",
      83
    ],
    [
      "Qty",
      82
    ],
    [
      "Ceody",
      78
    ],
    [
      "r",
      77
    ],
    [
      "CΘy",
      77
    ],
    [
      "rÄn",
      75
    ],
    [
      "QtÄn",
      75
    ],
    [
      "QtËdy",
      73
    ],
    [
      "sar",
      72
    ],
    [
      "QkCy",
      70
    ],
    [
      "sän",
      68
    ],
    [
      "Qtar",
      67
    ],
    [
      "sol",
      66
    ],
    [
      "kÄn",
      66
    ],
    [
      "Car",
      66
    ],
    [
      "otol",
      65
    ],
    [
      "dor",
      65
    ],
    [
      "okol",
      63
    ],
    [
      "QtCy",
      63
    ],
    [
      "Qtän",
      63
    ],
    [
      "Ceo",
      60
    ],
    [
      "oly",
      60
    ],
    [
      "Qtal",
      59
    ],
    [
      "Θol",
      58
    ],
    [
      "Ceky",
      57
    ],
    [
      "CËdy",
      56
    ],
    [
      "SΚy",
      56
    ],
    [
      "är",
      56
    ],
    [
      "okeol",
      54
    ],
    [
      "okey",
      54
    ],
    [
      "Sody",
      54
    ],
    [
      "odÄn",
      54
    ],
    [
      "kËdy",
      54
    ]
  ],
  "h3_paradigms": [
    {
      "stem": "o",
      "n_endings": 710,
      "total": 5910,
      "top_endings": {
        "l": 534,
        "r": 341,
        "kÄn": 209,
        "kËy": 159,
        "tedy": 142,
        "tÄn": 138,
        "kän": 137,
        "tal": 129,
        "kal": 129,
        "tar": 127
      }
    },
    {
      "stem": "C",
      "n_endings": 585,
      "total": 5004,
      "top_endings": {
        "edy": 513,
        "ol": 371,
        "ey": 338,
        "or": 205,
        "Ëy": 170,
        "eol": 156,
        "dy": 140,
        "Κy": 139,
        "y": 126,
        "eor": 90
      }
    },
    {
      "stem": "Q",
      "n_endings": 452,
      "total": 4631,
      "top_endings": {
        "kËy": 308,
        "kËdy": 306,
        "kän": 275,
        "kÄn": 269,
        "kedy": 268,
        "kal": 197,
        "l": 152,
        "kar": 151,
        "ky": 146,
        "key": 108
      }
    },
    {
      "stem": "d",
      "n_endings": 344,
      "total": 3048,
      "top_endings": {
        "Än": 829,
        "ar": 286,
        "y": 238,
        "al": 238,
        "än": 189,
        "ol": 107,
        "am": 101,
        "är": 88,
        "or": 65,
        "Sedy": 36
      }
    },
    {
      "stem": "Qk",
      "n_endings": 195,
      "total": 3026,
      "top_endings": {
        "Ëy": 308,
        "Ëdy": 306,
        "än": 275,
        "Än": 269,
        "edy": 268,
        "al": 197,
        "ar": 151,
        "y": 146,
        "ey": 108,
        "ol": 95
      }
    },
    {
      "stem": "S",
      "n_endings": 342,
      "total": 2846,
      "top_endings": {
        "edy": 429,
        "ey": 268,
        "ol": 174,
        "Ëy": 142,
        "o": 111,
        "eol": 104,
        "or": 92,
        "y": 92,
        "Ëdy": 83,
        "Κy": 56
      }
    },
    {
      "stem": "Ce",
      "n_endings": 234,
      "total": 2088,
      "top_endings": {
        "dy": 513,
        "y": 338,
        "ol": 156,
        "or": 90,
        "ody": 78,
        "o": 60,
        "ky": 57,
        "ar": 48,
        "Κy": 48,
        "s": 30
      }
    },
    {
      "stem": "ok",
      "n_endings": 209,
      "total": 1937,
      "top_endings": {
        "Än": 209,
        "Ëy": 159,
        "än": 137,
        "al": 129,
        "ar": 113,
        "edy": 112,
        "Ëdy": 105,
        "y": 83,
        "ol": 63,
        "eol": 54
      }
    },
    {
      "stem": "ot",
      "n_endings": 217,
      "total": 1748,
      "top_endings": {
        "edy": 142,
        "Än": 138,
        "al": 129,
        "ar": 127,
        "y": 105,
        "Ëy": 101,
        "än": 95,
        "Ëdy": 94,
        "ol": 65,
        "am": 46
      }
    },
    {
      "stem": "Co",
      "n_endings": 237,
      "total": 1395,
      "top_endings": {
        "l": 371,
        "r": 205,
        "dy": 87,
        "dÄn": 40,
        "ky": 36,
        "ty": 35,
        "s": 31,
        "Κy": 17,
        "kÄn": 16,
        "Θy": 16
      }
    },
    {
      "stem": "Se",
      "n_endings": 139,
      "total": 1371,
      "top_endings": {
        "dy": 429,
        "y": 268,
        "ol": 104,
        "or": 50,
        "ody": 45,
        "o": 43,
        "Κy": 37,
        "ky": 35,
        "ar": 22,
        "Θy": 21
      }
    },
    {
      "stem": "l",
      "n_endings": 259,
      "total": 1199,
      "top_endings": {
        "Cedy": 123,
        "kÄn": 50,
        "ol": 49,